name,category,Balance,price,Title,Info,slug,pdf
Fullz,USA FULLZ,NY,150,PUA & FULLZ,(State)+(Name And Address)+(Email access)+(Zip)+(SSN)+(DOB),w1,static/fullz.pdf
Fullz,USA FULLZ,WY,150,PUA & FULLZ,(State)+(Name And Address)+(Email access)+(Zip)+(SSN)+(DOB),w2,static/fullz.pdf
Fullz,USA FULLZ,WI,150,PUA & FULLZ,(State)+(Name And Address)+(Email access)+(Zip)+(SSN)+(DOB),w3,static/fullz.pdf
Fullz,USA FULLZ,VA,150,PUA & FULLZ,(State)+(Name And Address)+(Email access)+(Zip)+(SSN)+(DOB),w4,static/fullz.pdf
Fullz,USA FULLZ,TX,150,PUA & FULLZ,(State)+(Name And Address)+(Email access)+(Zip)+(SSN)+(DOB),w5,static/fullz.pdf
Fullz,USA FULLZ,TX,150,PUA & FULLZ,(State)+(Name And Address)+(Email access)+(Zip)+(SSN)+(DOB),w6,static/fullz.pdf
Fullz,USA FULLZ,TX,150,PUA & FULLZ,(State)+(Name And Address)+(Email access)+(Zip)+(SSN)+(DOB),w7,static/fullz.pdf
Fullz,USA FULLZ,TX,150,PUA & FULLZ,(State)+(Name And Address)+(Email access)+(Zip)+(SSN)+(DOB),w8,static/fullz.pdf
Fullz,USA FULLZ,TX,150,PUA & FULLZ,(State)+(Name And Address)+(Email access)+(Zip)+(SSN)+(DOB),w9,static/fullz.pdf
Fullz,USA FULLZ,TX,150,PUA & FULLZ,(State)+(Name And Address)+(Email access)+(Zip)+(SSN)+(DOB),w10,static/fullz.pdf
Fullz,USA FULLZ,TX,150,PUA & FULLZ,(State)+(Name And Address)+(Email access)+(Zip)+(SSN)+(DOB),w11,static/fullz.pdf
Fullz,USA FULLZ,TX,150,PUA & FULLZ,(State)+(Name And Address)+(Email access)+(Zip)+(SSN)+(DOB),w12,static/fullz.pdf
Fullz,USA FULLZ,TX,150,PUA & FULLZ,(State)+(Name And Address)+(Email access)+(Zip)+(SSN)+(DOB),w13,static/fullz.pdf
Fullz,USA FULLZ,NY,150,PUA & FULLZ,(State)+(Name And Address)+(Email access)+(Zip)+(SSN)+(DOB),w14,static/fullz.pdf
Fullz,USA FULLZ,NY,150,PUA & FULLZ,(State)+(Name And Address)+(Email access)+(Zip)+(SSN)+(DOB),w15,static/fullz.pdf
Fullz,USA FULLZ,NY,150,PUA & FULLZ,(State)+(Name And Address)+(Email access)+(Zip)+(SSN)+(DOB),w16,static/fullz.pdf
Fullz,USA FULLZ,NY,150,PUA & FULLZ,(State)+(Name And Address)+(Email access)+(Zip)+(SSN)+(DOB),w17,static/fullz.pdf
Fullz,USA FULLZ,NY,150,PUA & FULLZ,(State)+(Name And Address)+(Email access)+(Zip)+(SSN)+(DOB),w18,static/fullz.pdf
Fullz,USA FULLZ,NY,150,PUA & FULLZ,(State)+(Name And Address)+(Email access)+(Zip)+(SSN)+(DOB),w19,static/fullz.pdf
Fullz,USA FULLZ,NY,150,PUA & FULLZ,(State)+(Name And Address)+(Email access)+(Zip)+(SSN)+(DOB),w20,static/fullz.pdf
Fullz,USA FULLZ,NY,150,PUA & FULLZ,(State)+(Name And Address)+(Email access)+(Zip)+(SSN)+(DOB),w21,static/fullz.pdf
Fullz,USA FULLZ,NY,150,PUA & FULLZ,(State)+(Name And Address)+(Email access)+(Zip)+(SSN)+(DOB),w22,static/fullz.pdf
Fullz,USA FULLZ,MI,150,PUA & FULLZ,(State)+(Name And Address)+(Email access)+(Zip)+(SSN)+(DOB),w23,static/fullz.pdf
Fullz,USA FULLZ,MN,150,PUA & FULLZ,(State)+(Name And Address)+(Email access)+(Zip)+(SSN)+(DOB),w24,static/fullz.pdf
Fullz,USA FULLZ,MS,150,PUA & FULLZ,(State)+(Name And Address)+(Email access)+(Zip)+(SSN)+(DOB),w25,static/fullz.pdf
Fullz,USA FULLZ,NJ,150,PUA & FULLZ,(State)+(Name And Address)+(Email access)+(Zip)+(SSN)+(DOB),w26,static/fullz.pdf
Fullz,USA FULLZ,FL,150,PUA & FULLZ,(State)+(Name And Address)+(Email access)+(Zip)+(SSN)+(DOB),w27,static/fullz.pdf
Fullz,USA FULLZ,CA,150,PUA & FULLZ,(State)+(Name And Address)+(Email access)+(Zip)+(SSN)+(DOB),w28,static/fullz.pdf
Fullz,USA FULLZ,CA,150,PUA & FULLZ,(State)+(Name And Address)+(Email access)+(Zip)+(SSN)+(DOB),w29,static/fullz.pdf
Fullz,USA FULLZ,CA,150,PUA & FULLZ,(State)+(Name And Address)+(Email access)+(Zip)+(SSN)+(DOB),w30,static/fullz.pdf
Fullz,USA FULLZ,CA,150,PUA & FULLZ,(State)+(Name And Address)+(Email access)+(Zip)+(SSN)+(DOB),w31,static/fullz.pdf
Fullz,USA FULLZ,CA,150,PUA & FULLZ,(State)+(Name And Address)+(Email access)+(Zip)+(SSN)+(DOB),w32,static/fullz.pdf
Fullz,USA FULLZ,CA,150,PUA & FULLZ,(State)+(Name And Address)+(Email access)+(Zip)+(SSN)+(DOB),w33,static/fullz.pdf
Fullz,USA FULLZ,CA,150,PUA & FULLZ,(State)+(Name And Address)+(Email access)+(Zip)+(SSN)+(DOB),w34,static/fullz.pdf
Fullz,USA FULLZ,CA,150,PUA & FULLZ,(State)+(Name And Address)+(Email access)+(Zip)+(SSN)+(DOB),w35,static/fullz.pdf
Fullz,USA FULLZ,CA,150,PUA & FULLZ,(State)+(Name And Address)+(Email access)+(Zip)+(SSN)+(DOB),w36,static/fullz.pdf
Fullz,USA FULLZ,CA,150,PUA & FULLZ,(State)+(Name And Address)+(Email access)+(Zip)+(SSN)+(DOB),w37,static/fullz.pdf
Fullz,USA FULLZ,CA,150,PUA & FULLZ,(State)+(Name And Address)+(Email access)+(Zip)+(SSN)+(DOB),w38,static/fullz.pdf
Fullz,USA FULLZ,CA,150,PUA & FULLZ,(State)+(Name And Address)+(Email access)+(Zip)+(SSN)+(DOB),w39,static/fullz.pdf
Fullz,USA FULLZ,CA,150,PUA & FULLZ,(State)+(Name And Address)+(Email access)+(Zip)+(SSN)+(DOB),w40,static/fullz.pdf
Fullz,USA FULLZ,CA,150,PUA & FULLZ,(State)+(Name And Address)+(Email access)+(Zip)+(SSN)+(DOB),w41,static/fullz.pdf
Fullz,USA FULLZ,CA,150,PUA & FULLZ,(State)+(Name And Address)+(Email access)+(Zip)+(SSN)+(DOB),w42,static/fullz.pdf
Fullz,USA FULLZ,CA,150,PUA & FULLZ,(State)+(Name And Address)+(Email access)+(Zip)+(SSN)+(DOB),w43,static/fullz.pdf
Fullz,USA FULLZ,CA,150,PUA & FULLZ,(State)+(Name And Address)+(Email access)+(Zip)+(SSN)+(DOB),w44,static/fullz.pdf
Fullz,USA FULLZ,CA,150,PUA & FULLZ,(State)+(Name And Address)+(Email access)+(Zip)+(SSN)+(DOB),w45,static/fullz.pdf
Fullz,USA FULLZ,CA,150,PUA & FULLZ,(State)+(Name And Address)+(Email access)+(Zip)+(SSN)+(DOB),w46,static/fullz.pdf
Fullz,USA FULLZ,CA,150,PUA & FULLZ,(State)+(Name And Address)+(Email access)+(Zip)+(SSN)+(DOB),w47,static/fullz.pdf
Fullz,USA FULLZ,CA,150,PUA & FULLZ,(State)+(Name And Address)+(Email access)+(Zip)+(SSN)+(DOB),w48,static/fullz.pdf
Fullz,USA FULLZ,CA,150,PUA & FULLZ,(State)+(Name And Address)+(Email access)+(Zip)+(SSN)+(DOB),w49,static/fullz.pdf
Fullz,USA FULLZ,CA,150,PUA & FULLZ,(State)+(Name And Address)+(Email access)+(Zip)+(SSN)+(DOB),w50,static/fullz.pdf
Fullz,USA FULLZ,CA,150,PUA & FULLZ,(State)+(Name And Address)+(Email access)+(Zip)+(SSN)+(DOB),w51,static/fullz.pdf
Fullz,USA FULLZ,CA,150,PUA & FULLZ,(State)+(Name And Address)+(Email access)+(Zip)+(SSN)+(DOB),w52,static/fullz.pdf
Fullz,USA FULLZ,CA,150,PUA & FULLZ,(State)+(Name And Address)+(Email access)+(Zip)+(SSN)+(DOB),w53,static/fullz.pdf
Fullz,USA FULLZ,CA,150,PUA & FULLZ,(State)+(Name And Address)+(Email access)+(Zip)+(SSN)+(DOB),w54,static/fullz.pdf
Fullz,USA FULLZ,CA,150,PUA & FULLZ,(State)+(Name And Address)+(Email access)+(Zip)+(SSN)+(DOB),w55,static/fullz.pdf
Fullz,USA FULLZ,CA,150,PUA & FULLZ,(State)+(Name And Address)+(Email access)+(Zip)+(SSN)+(DOB),w56,static/fullz.pdf
Fullz,USA FULLZ,CA,150,PUA & FULLZ,(State)+(Name And Address)+(Email access)+(Zip)+(SSN)+(DOB),w57,static/fullz.pdf
Fullz,USA FULLZ,CA,150,PUA & FULLZ,(State)+(Name And Address)+(Email access)+(Zip)+(SSN)+(DOB),w58,static/fullz.pdf
Fullz,USA FULLZ,CA,150,PUA & FULLZ,(State)+(Name And Address)+(Email access)+(Zip)+(SSN)+(DOB),w59,static/fullz.pdf
Fullz,USA FULLZ,AL,150,PUA & FULLZ,(State)+(Name And Address)+(Email access)+(Zip)+(SSN)+(DOB),w60,static/fullz.pdf
Fullz,USA FULLZ,AZ,150,PUA & FULLZ,(State)+(Name And Address)+(Email access)+(Zip)+(SSN)+(DOB),w61,static/fullz.pdf
Fullz,USA FULLZ,NY,150,PUA & FULLZ,(State)+(Name And Address)+(Email access)+(Zip)+(SSN)+(DOB),w62,static/fullz.pdf
Fullz,USA FULLZ,TX,150,PUA & FULLZ,(State)+(Name And Address)+(Email access)+(Zip)+(SSN)+(DOB),w63,static/fullz.pdf
Fullz,USA FULLZ,AZ,150,PUA & FULLZ,(State)+(Name And Address)+(Email access)+(Zip)+(SSN)+(DOB),w64,static/fullz.pdf
Fullz,USA FULLZ,LA,150,PUA & FULLZ,(State)+(Name And Address)+(Email access)+(Zip)+(SSN)+(DOB),w65,static/fullz.pdf
Fullz,USA FULLZ,NJ,150,PUA & FULLZ,(State)+(Name And Address)+(Email access)+(Zip)+(SSN)+(DOB),w66,static/fullz.pdf
Fullz,USA FULLZ,ME,150,PUA & FULLZ,(State)+(Name And Address)+(Email access)+(Zip)+(SSN)+(DOB),w67,static/fullz.pdf
Fullz,USA FULLZ,MD,150,PUA & FULLZ,(State)+(Name And Address)+(Email access)+(Zip)+(SSN)+(DOB),w68,static/fullz.pdf
Fullz,USA FULLZ,MT,150,PUA & FULLZ,(State)+(Name And Address)+(Email access)+(Zip)+(SSN)+(DOB),w69,static/fullz.pdf
Fullz,USA FULLZ,GA,150,PUA & FULLZ,(State)+(Name And Address)+(Email access)+(Zip)+(SSN)+(DOB),w70,static/fullz.pdf
Fullz,USA FULLZ,HI,150,PUA & FULLZ,(State)+(Name And Address)+(Email access)+(Zip)+(SSN)+(DOB),w71,static/fullz.pdf
Fullz,Germany fullz,BW,150,PUA & FULLZ,(State)+(Name And Address)+(Email access)+(Zip)+(SSN)+(DOB),w72,static/fullz.pdf
Fullz,Germany fullz,BY,150,PUA & FULLZ,(State)+(Name And Address)+(Email access)+(Zip)+(SSN)+(DOB),w73,static/fullz.pdf
Fullz,Germany fullz,BE,150,PUA & FULLZ,(State)+(Name And Address)+(Email access)+(Zip)+(SSN)+(DOB),w74,static/fullz.pdf
Fullz,Germany fullz,BB,150,PUA & FULLZ,(State)+(Name And Address)+(Email access)+(Zip)+(SSN)+(DOB),w75,static/fullz.pdf
Fullz,Germany fullz,HB,150,PUA & FULLZ,(State)+(Name And Address)+(Email access)+(Zip)+(SSN)+(DOB),w76,static/fullz.pdf
Fullz,Germany fullz,HH,150,PUA & FULLZ,(State)+(Name And Address)+(Email access)+(Zip)+(SSN)+(DOB),w77,static/fullz.pdf
Fullz,Germany fullz,HE,150,PUA & FULLZ,(State)+(Name And Address)+(Email access)+(Zip)+(SSN)+(DOB),w78,static/fullz.pdf
Fullz,Germany fullz,NI,150,PUA & FULLZ,(State)+(Name And Address)+(Email access)+(Zip)+(SSN)+(DOB),w79,static/fullz.pdf
Fullz,Germany fullz,MV,150,PUA & FULLZ,(State)+(Name And Address)+(Email access)+(Zip)+(SSN)+(DOB),w80,static/fullz.pdf
Fullz,Germany fullz,NW,150,PUA & FULLZ,(State)+(Name And Address)+(Email access)+(Zip)+(SSN)+(DOB),w81,static/fullz.pdf
Fullz,Germany fullz,NW,150,PUA & FULLZ,(State)+(Name And Address)+(Email access)+(Zip)+(SSN)+(DOB),w82,static/fullz.pdf
Fullz,Germany fullz,NW,150,PUA & FULLZ,(State)+(Name And Address)+(Email access)+(Zip)+(SSN)+(DOB),w83,static/fullz.pdf
Fullz,Germany fullz,NW,150,PUA & FULLZ,(State)+(Name And Address)+(Email access)+(Zip)+(SSN)+(DOB),w84,static/fullz.pdf
Fullz,Germany fullz,RP,150,PUA & FULLZ,(State)+(Name And Address)+(Email access)+(Zip)+(SSN)+(DOB),w85,static/fullz.pdf
Fullz,Germany fullz,SL,150,PUA & FULLZ,(State)+(Name And Address)+(Email access)+(Zip)+(SSN)+(DOB),w86,static/fullz.pdf
Fullz,Germany fullz,SN,150,PUA & FULLZ,(State)+(Name And Address)+(Email access)+(Zip)+(SSN)+(DOB),w87,static/fullz.pdf
Fullz,Germany fullz,ST,150,PUA & FULLZ,(State)+(Name And Address)+(Email access)+(Zip)+(SSN)+(DOB),w88,static/fullz.pdf
Fullz,Germany fullz,SH,150,PUA & FULLZ,(State)+(Name And Address)+(Email access)+(Zip)+(SSN)+(DOB),w89,static/fullz.pdf
Fullz,Germany fullz,TH,150,PUA & FULLZ,(State)+(Name And Address)+(Email access)+(Zip)+(SSN)+(DOB),w90,static/fullz.pdf
Fullz,Germany fullz,BB,150,PUA & FULLZ,(State)+(Name And Address)+(Email access)+(Zip)+(SSN)+(DOB),w91,static/fullz.pdf
Fullz,Germany fullz,BB,150,PUA & FULLZ,(State)+(Name And Address)+(Email access)+(Zip)+(SSN)+(DOB),w92,static/fullz.pdf
Fullz,Germany fullz,BB,150,PUA & FULLZ,(State)+(Name And Address)+(Email access)+(Zip)+(SSN)+(DOB),w93,static/fullz.pdf
Fullz,Germany fullz,BB,150,PUA & FULLZ,(State)+(Name And Address)+(Email access)+(Zip)+(SSN)+(DOB),w94,static/fullz.pdf
Fullz,Germany fullz,BB,150,PUA & FULLZ,(State)+(Name And Address)+(Email access)+(Zip)+(SSN)+(DOB),w95,static/fullz.pdf
Fullz,Germany fullz,BB,150,PUA & FULLZ,(State)+(Name And Address)+(Email access)+(Zip)+(SSN)+(DOB),w96,static/fullz.pdf
Fullz,Germany fullz,BB,150,PUA & FULLZ,(State)+(Name And Address)+(Email access)+(Zip)+(SSN)+(DOB),w97,static/fullz.pdf
Fullz,Germany fullz,BB,150,PUA & FULLZ,(State)+(Name And Address)+(Email access)+(Zip)+(SSN)+(DOB),w98,static/fullz.pdf
Fullz,Germany fullz,BB,150,PUA & FULLZ,(State)+(Name And Address)+(Email access)+(Zip)+(SSN)+(DOB),w99,static/fullz.pdf
Fullz,Germany fullz,BB,150,PUA & FULLZ,(State)+(Name And Address)+(Email access)+(Zip)+(SSN)+(DOB),w100,static/fullz.pdf
Fullz,Germany fullz,BB,150,PUA & FULLZ,(State)+(Name And Address)+(Email access)+(Zip)+(SSN)+(DOB),w101,static/fullz.pdf
Fullz,Germany fullz,BB,150,PUA & FULLZ,(State)+(Name And Address)+(Email access)+(Zip)+(SSN)+(DOB),w102,static/fullz.pdf
Fullz,Germany fullz,BB,150,PUA & FULLZ,(State)+(Name And Address)+(Email access)+(Zip)+(SSN)+(DOB),w103,static/fullz.pdf
Fullz,Germany fullz,BB,150,PUA & FULLZ,(State)+(Name And Address)+(Email access)+(Zip)+(SSN)+(DOB),w104,static/fullz.pdf
Fullz,Germany fullz,BB,150,PUA & FULLZ,(State)+(Name And Address)+(Email access)+(Zip)+(SSN)+(DOB),w105,static/fullz.pdf
Fullz,Germany fullz,BB,150,PUA & FULLZ,(State)+(Name And Address)+(Email access)+(Zip)+(SSN)+(DOB),w106,static/fullz.pdf
Fullz,Germany fullz,BB,150,PUA & FULLZ,(State)+(Name And Address)+(Email access)+(Zip)+(SSN)+(DOB),w107,static/fullz.pdf
Fullz,Germany fullz,BE,150,PUA & FULLZ,(State)+(Name And Address)+(Email access)+(Zip)+(SSN)+(DOB),w108,static/fullz.pdf
Fullz,Germany fullz,BE,150,PUA & FULLZ,(State)+(Name And Address)+(Email access)+(Zip)+(SSN)+(DOB),w109,static/fullz.pdf
Fullz,Germany fullz,BE,150,PUA & FULLZ,(State)+(Name And Address)+(Email access)+(Zip)+(SSN)+(DOB),w110,static/fullz.pdf
Fullz,Germany fullz,BE,150,PUA & FULLZ,(State)+(Name And Address)+(Email access)+(Zip)+(SSN)+(DOB),w111,static/fullz.pdf
Fullz,Germany fullz,BE,150,PUA & FULLZ,(State)+(Name And Address)+(Email access)+(Zip)+(SSN)+(DOB),w112,static/fullz.pdf
Fullz,Germany fullz,BE,150,PUA & FULLZ,(State)+(Name And Address)+(Email access)+(Zip)+(SSN)+(DOB),w113,static/fullz.pdf
Fullz,Germany fullz,BE,150,PUA & FULLZ,(State)+(Name And Address)+(Email access)+(Zip)+(SSN)+(DOB),w114,static/fullz.pdf
Fullz,Germany fullz,BE,150,PUA & FULLZ,(State)+(Name And Address)+(Email access)+(Zip)+(SSN)+(DOB),w115,static/fullz.pdf
Fullz,Germany fullz,BE,150,PUA & FULLZ,(State)+(Name And Address)+(Email access)+(Zip)+(SSN)+(DOB),w116,static/fullz.pdf
Fullz,Germany fullz,BE,150,PUA & FULLZ,(State)+(Name And Address)+(Email access)+(Zip)+(SSN)+(DOB),w117,static/fullz.pdf
Fullz,Germany fullz,BE,150,PUA & FULLZ,(State)+(Name And Address)+(Email access)+(Zip)+(SSN)+(DOB),w118,static/fullz.pdf
Fullz,Germany fullz,BE,150,PUA & FULLZ,(State)+(Name And Address)+(Email access)+(Zip)+(SSN)+(DOB),w119,static/fullz.pdf
Fullz,Germany fullz,BE,150,PUA & FULLZ,(State)+(Name And Address)+(Email access)+(Zip)+(SSN)+(DOB),w120,static/fullz.pdf
Fullz,Canadian fullz,CA,150,PUA & FULLZ,(State)+(Name And Address)+(Email access)+(Zip)+(SSN)+(DOB),w121,static/fullz.pdf
Fullz,Canadian fullz,CA,150,PUA & FULLZ,(State)+(Name And Address)+(Email access)+(Zip)+(SSN)+(DOB),w122,static/fullz.pdf
Fullz,Canadian fullz,CA,150,PUA & FULLZ,(State)+(Name And Address)+(Email access)+(Zip)+(SSN)+(DOB),w123,static/fullz.pdf
Fullz,Canadian fullz,CA,150,PUA & FULLZ,(State)+(Name And Address)+(Email access)+(Zip)+(SSN)+(DOB),w124,static/fullz.pdf
Fullz,Canadian fullz,CA,150,PUA & FULLZ,(State)+(Name And Address)+(Email access)+(Zip)+(SSN)+(DOB),w125,static/fullz.pdf
Fullz,Canadian fullz,CA,150,PUA & FULLZ,(State)+(Name And Address)+(Email access)+(Zip)+(SSN)+(DOB),w126,static/fullz.pdf
Fullz,Canadian fullz,CA,150,PUA & FULLZ,(State)+(Name And Address)+(Email access)+(Zip)+(SSN)+(DOB),w127,static/fullz.pdf
Fullz,Canadian fullz,CA,150,PUA & FULLZ,(State)+(Name And Address)+(Email access)+(Zip)+(SSN)+(DOB),w128,static/fullz.pdf
Fullz,Canadian fullz,CA,150,PUA & FULLZ,(State)+(Name And Address)+(Email access)+(Zip)+(SSN)+(DOB),w129,static/fullz.pdf
Fullz,Canadian fullz,CA,150,PUA & FULLZ,(State)+(Name And Address)+(Email access)+(Zip)+(SSN)+(DOB),w130,static/fullz.pdf
Fullz,Canadian fullz,CA,150,PUA & FULLZ,(State)+(Name And Address)+(Email access)+(Zip)+(SSN)+(DOB),w131,static/fullz.pdf
Fullz,Canadian fullz,CA,150,PUA & FULLZ,(State)+(Name And Address)+(Email access)+(Zip)+(SSN)+(DOB),w132,static/fullz.pdf
Fullz,Canadian fullz,CA,150,PUA & FULLZ,(State)+(Name And Address)+(Email access)+(Zip)+(SSN)+(DOB),w133,static/fullz.pdf
Fullz,Canadian fullz,CA,150,PUA & FULLZ,(State)+(Name And Address)+(Email access)+(Zip)+(SSN)+(DOB),w134,static/fullz.pdf
Fullz,Canadian fullz,CA,150,PUA & FULLZ,(State)+(Name And Address)+(Email access)+(Zip)+(SSN)+(DOB),w135,static/fullz.pdf
Fullz,Canadian fullz,CA,150,PUA & FULLZ,(State)+(Name And Address)+(Email access)+(Zip)+(SSN)+(DOB),w136,static/fullz.pdf
Fullz,Canadian fullz,CA,150,PUA & FULLZ,(State)+(Name And Address)+(Email access)+(Zip)+(SSN)+(DOB),w137,static/fullz.pdf
Fullz,Canadian fullz,CA,150,PUA & FULLZ,(State)+(Name And Address)+(Email access)+(Zip)+(SSN)+(DOB),w138,static/fullz.pdf
Fullz,Canadian fullz,CA,150,PUA & FULLZ,(State)+(Name And Address)+(Email access)+(Zip)+(SSN)+(DOB),w139,static/fullz.pdf
Fullz,Canadian fullz,CA,150,PUA & FULLZ,(State)+(Name And Address)+(Email access)+(Zip)+(SSN)+(DOB),w140,static/fullz.pdf
Fullz,Canadian fullz,CA,150,PUA & FULLZ,(State)+(Name And Address)+(Email access)+(Zip)+(SSN)+(DOB),,static/fullz.pdf
Fullz,Canadian fullz,CA,150,PUA & FULLZ,(State)+(Name And Address)+(Email access)+(Zip)+(SSN)+(DOB),,static/fullz.pdf
Fullz,Canadian fullz,CA,150,PUA & FULLZ,(State)+(Name And Address)+(Email access)+(Zip)+(SSN)+(DOB),,static/fullz.pdf
Fullz,Canadian fullz,CA,150,PUA & FULLZ,(State)+(Name And Address)+(Email access)+(Zip)+(SSN)+(DOB),,static/fullz.pdf
Fullz,Canadian fullz,CA,150,PUA & FULLZ,(State)+(Name And Address)+(Email access)+(Zip)+(SSN)+(DOB),,static/fullz.pdf
Fullz,Canadian fullz,CA,150,PUA & FULLZ,(State)+(Name And Address)+(Email access)+(Zip)+(SSN)+(DOB),,static/fullz.pdf
Fullz,Canadian fullz,CA,150,PUA & FULLZ,(State)+(Name And Address)+(Email access)+(Zip)+(SSN)+(DOB),,static/fullz.pdf
Fullz,Canadian fullz,CA,150,PUA & FULLZ,(State)+(Name And Address)+(Email access)+(Zip)+(SSN)+(DOB),,static/fullz.pdf
Fullz,Canadian fullz,CA,150,PUA & FULLZ,(State)+(Name And Address)+(Email access)+(Zip)+(SSN)+(DOB),,static/fullz.pdf
Fullz,Canadian fullz,CA,150,PUA & FULLZ,(State)+(Name And Address)+(Email access)+(Zip)+(SSN)+(DOB),,static/fullz.pdf
Fullz,Canadian fullz,CA,150,PUA & FULLZ,(State)+(Name And Address)+(Email access)+(Zip)+(SSN)+(DOB),,static/fullz.pdf
Fullz,Canadian fullz,CA,150,PUA & FULLZ,(State)+(Name And Address)+(Email access)+(Zip)+(SSN)+(DOB),,static/fullz.pdf
Fullz,Canadian fullz,CA,150,PUA & FULLZ,(State)+(Name And Address)+(Email access)+(Zip)+(SSN)+(DOB),,static/fullz.pdf
Fullz,Canadian fullz,CA,150,PUA & FULLZ,(State)+(Name And Address)+(Email access)+(Zip)+(SSN)+(DOB),,static/fullz.pdf
Fullz,Canadian fullz,CA,150,PUA & FULLZ,(State)+(Name And Address)+(Email access)+(Zip)+(SSN)+(DOB),,static/fullz.pdf
Fullz,Canadian fullz,CA,150,PUA & FULLZ,(State)+(Name And Address)+(Email access)+(Zip)+(SSN)+(DOB),,static/fullz.pdf
Fullz,Canadian fullz,CA,150,PUA & FULLZ,(State)+(Name And Address)+(Email access)+(Zip)+(SSN)+(DOB),,static/fullz.pdf
Fullz,Canadian fullz,CA,150,PUA & FULLZ,(State)+(Name And Address)+(Email access)+(Zip)+(SSN)+(DOB),,static/fullz.pdf
Fullz,Canadian fullz,CA,150,PUA & FULLZ,(State)+(Name And Address)+(Email access)+(Zip)+(SSN)+(DOB),,static/fullz.pdf
Fullz,Canadian fullz,CA,150,PUA & FULLZ,(State)+(Name And Address)+(Email access)+(Zip)+(SSN)+(DOB),,static/fullz.pdf
Fullz,Canadian fullz,CA,150,PUA & FULLZ,(State)+(Name And Address)+(Email access)+(Zip)+(SSN)+(DOB),,static/fullz.pdf
Fullz,Canadian fullz,CA,150,PUA & FULLZ,(State)+(Name And Address)+(Email access)+(Zip)+(SSN)+(DOB),,static/fullz.pdf
Fullz,Canadian fullz,CA,150,PUA & FULLZ,(State)+(Name And Address)+(Email access)+(Zip)+(SSN)+(DOB),,static/fullz.pdf
Fullz,Canadian fullz,CA,150,PUA & FULLZ,(State)+(Name And Address)+(Email access)+(Zip)+(SSN)+(DOB),,static/fullz.pdf
Fullz,Canadian fullz,CA,150,PUA & FULLZ,(State)+(Name And Address)+(Email access)+(Zip)+(SSN)+(DOB),,static/fullz.pdf
Fullz,Canadian fullz,CA,150,PUA & FULLZ,(State)+(Name And Address)+(Email access)+(Zip)+(SSN)+(DOB),,static/fullz.pdf
